Variant,z_score,p_value,log_ratio
.FTDDYQLFEELGKGAFSVVR.,-2.071412264744531,0.038320285708396566,-2.489210305765021
.DLKPSNILYVDESGNPEC+57.021LR.,-2.3243848808137715,0.020104875161458393,-2.169456425015465
.YLATLNFVHR.,2.0362019210682907,0.04173008344587532,2.0317899368971073
.ESTNYPGDYTLC+57.021VSC+57.021DGKVEHYR.,2.203495811401803,0.027559821870007134,2.8359365838602573
.LFQQILSGVDYC+57.021HR.,1.9649198153131924,0.049423518899439634,1.815651856294981
.QETVDC+57.021LKK.,-3.9025635386761106,9.517924173849378e-05,-4.111339881059187
.EVVEEAENGR.,-2.2179473472506452,0.02655842267292042,-2.331554729002667
.VLENAEGAR.,-3.2038295174860014,0.0013561275315703172,-2.837755489652194
.GSQITQQSTNQSR.,-2.9504281287362604,0.003173338649693155,-3.953880175048246
.VSYDVTSAR.,-2.3387739653891386,0.019347134798979482,-2.0740774487784917
.QQTQSALEQR.,-2.7674975317867117,0.005648847319828574,-2.7311795496412965
.YQNLKPIGSGAQGIVC+57.021AAYDAILER.,2.290971566176848,0.02196505823337713,2.3122705358735516
.KLDHC+57.021NIVR.,-2.50834732238421,0.012129737451119352,-3.3326990455692895
.HGHYFVALFDYQAR.,2.054088740422744,0.03996710363158231,1.503427515751882
.SSSPSEQGSNSTYDR.,-2.1101323075651384,0.03484696117554922,-1.2756787817708768
.SPFEHQTYC+57.021QR.,-2.980106319610761,0.0028814835346482096,-1.8654528146196534
.IQPYYALQHSFFK.,2.146341826848045,0.031845716848483266,1.0190396107782536
.YKHPSEEELR.,2.2017290808962735,0.027684451240862253,2.114313601668491
.VLTVINQTQK.,-1.982910925237587,0.04737738009597736,-1.8121988848257673
.TSAGTTDPEEATR.,-2.205526034798091,0.02741720294421174,-1.1315974343959956
.SAAQAAAQTNSNAAGK.,-5.222838024559965,1.7620150879417946e-07,-3.439578828875905
.ASTALSNEQQAR.,-2.2513720381971654,0.024361983606217615,-1.3297106496673008
.IGTQGNVNFGGR.,-2.2612076085596002,0.023746404183398077,-1.9361027109008975
.DSAQTSVTQAQR.,-2.0518494356414694,0.040184297207754155,-1.1653068270706652
.TVEGALKER.,-1.9600633984434968,0.04998838062700716,-1.740806031066133
.GAPAAATAPAPTAHK.,-2.0744879336702327,0.03803401823843818,-1.6982025145539283
.NPQNSSQSADGLR.,-2.416911163737114,0.01565283680422097,-1.5946981521293593
.DSDAGSSTPTTSTR.,-2.3813209380427427,0.017250675247997838,-1.2345032706500867
.EVAAAAHLEK.,-2.163542190621034,0.030499502366273988,-1.5091786519175718
